web_scraper_order,web_scraper_start_url,pagination,title,data,data2,data3,data4
"1776950156-1","https://almokhtabar.com/en/testspackages/","","CPK - Total","EGP 330","cardiac enzyme,  requested when feeling chest pain","330","Add to Cart"
"1776950156-2","https://almokhtabar.com/en/testspackages/","","Amylase","EGP 435","pancreatic enzyme, requested in cases of pancreatitis and acute abdominal pain","435","Add to Cart"
"1776950156-3","https://almokhtabar.com/en/testspackages/","","Lipase","EGP 490","pancreatic enzyme, requested in cases of pancreatitis and acute abdominal pain","490","Add to Cart"
"1776950156-4","https://almokhtabar.com/en/testspackages/","","Fasting Blood Glucose","EGP 165","requested in cases of routinel check up , diagnosis and follow up of diabetes","165","Add to Cart"
"1776950156-5","https://almokhtabar.com/en/testspackages/","","Blood Urea","EGP 180","one of the kidney function tests","180","Add to Cart"
"1776950156-6","https://almokhtabar.com/en/testspackages/","","Alk.phosphatase","EGP 220","one of the liver function tests. Normally elevated in childhood and adolescence","220","Add to Cart"
"1776950156-7","https://almokhtabar.com/en/testspackages/","","Bilirubin ( T&D )","EGP 345","one of the liver function tests,  it is requested in cases ofneonatal jaundice.","345","Add to Cart"
"1776950156-8","https://almokhtabar.com/en/testspackages/","","BUN","EGP 180","one of the kidney function tests","180","Add to Cart"
"1776950156-9","https://almokhtabar.com/en/testspackages/","","Calcium","EGP 260","it is  requested with vitamin D, part of routine check up specially in children or adults above 50 yrs., can be ordered for bone aches and renal patients","260","Add to Cart"
"1776950156-10","https://almokhtabar.com/en/testspackages/","","Chloride","EGP 260","one of the most important electrolytes, it is part of kidney function tests","260","Add to Cart"
"1776950156-11","https://almokhtabar.com/en/testspackages/","","Creatinine, serum","EGP 165","one of the kidney function tests","165","Add to Cart"
"1776950156-12","https://almokhtabar.com/en/testspackages/","","Gamma GT","EGP 245","one of the liver function tests, it is an indicator for liver obstruction","245","Add to Cart"
"1776950156-13","https://almokhtabar.com/en/testspackages/","","HDL-C","EGP 190","part of the lipid profile, the protective against heart dideases and atherosclerosis, requested in routine check up and diabetes","190","Add to Cart"
"1776950156-14","https://almokhtabar.com/en/testspackages/","","Phosphorous","EGP 250","requested with vitamin D, part of routine check up specially in children or adults above 50 yrs., can be ordered for bone aches and renal patients","250","Add to Cart"
"1776950156-15","https://almokhtabar.com/en/testspackages/","","K+","EGP 255","part of kidney function test, can be requested for hypertension and heart disease patients","255","Add to Cart"
"1776950156-16","https://almokhtabar.com/en/testspackages/","","SGOT (AST)","EGP 165","one of the liver function tests, can be used in diagnosis of some types of anaemia","165","Add to Cart"
"1776950156-17","https://almokhtabar.com/en/testspackages/","","SGPT (ALT)","EGP 165","one of the liver function tests","165","Add to Cart"
"1776950156-18","https://almokhtabar.com/en/testspackages/","","Na","EGP 255","one of the most important electrolytes, it is also a part of kidney function test and is also required for hypertension and heart disease patients","255","Add to Cart"
"1776950156-19","https://almokhtabar.com/en/testspackages/","","Triglyceride","EGP 235","Part of the lipid profile, requested in routine check up and for diabetitic patients","235","Add to Cart"
"1776950156-20","https://almokhtabar.com/en/testspackages/","","ASOT","EGP 435","diagnosis of streptococcus in cases of tonsilitis","435","Add to Cart"
"1776950156-21","https://almokhtabar.com/en/testspackages/","","Blood Grouping (ABO&Rh)","EGP 370","requested for  operations, pregnancy follow up, routine check up","370","Add to Cart"
"1776950156-22","https://almokhtabar.com/en/testspackages/","","Coomb's Test ""Direct""","EGP 460","diagnostic for some cases of haemolytic anaemia","460","Add to Cart"
"1776950156-23","https://almokhtabar.com/en/testspackages/","","HBsAg by Chemiluminescent technology","EGP 480","Diagnosis of HBV, requested for  operations, blood transfusion and for check up","480","Add to Cart"
"1776950156-24","https://almokhtabar.com/en/testspackages/","","HIV Antibody (AIDS Test)","EGP 760","Diagnosis of HIV, requested for operations, blood transfusion and for check up","760","Add to Cart"
"1776950156-25","https://almokhtabar.com/en/testspackages/","","Reticulocytic Count","EGP 210","diagnosis and follow up of  some cases of  anaemia","210","Add to Cart"
"1776950156-26","https://almokhtabar.com/en/testspackages/","","VDRL","EGP 625","diagnosis of  sexually transmitted diseases","625","Add to Cart"
"1776950156-27","https://almokhtabar.com/en/testspackages/","","Protein in 24 hrs Urine","EGP 290","diagnosis and follow up of renal condition, can be requested in case of diabetes follow up","290","Add to Cart"
"1776950156-28","https://almokhtabar.com/en/testspackages/","","Creatinine Clearance","EGP 495","diagnosis and follow up of renal condition, can be requested in case of diabetes follow up","495","Add to Cart"
"1776950156-29","https://almokhtabar.com/en/testspackages/","","CRP (Quantitative)","EGP 400","diagnosis of the bacterial infection, related to the severity of infection or inflammation","400","Add to Cart"
"1776950156-30","https://almokhtabar.com/en/testspackages/","","Vitamin B12 (Cyanocobalamin) Level in  serum","EGP 2115","requested in routine check up,  diabetic patient children and pregnent women","2115","Add to Cart"
"1776950156-31","https://almokhtabar.com/en/testspackages/","","Estradiol E2 in serum","EGP 475","used in cases of female infertility and IVF","475","Add to Cart"
"1776950156-32","https://almokhtabar.com/en/testspackages/","","Folic Acid Level in serum","EGP 1805","requested for routine check up, children, pregnant women and some cases of anaemia","1805","Add to Cart"
"1776950156-33","https://almokhtabar.com/en/testspackages/","","FSH(Follicle Stimulating Hormone) in serum","EGP 425","used in diagnosis of some cases of menstrual disturbances, female and male infertility","425","Add to Cart"
"1776950156-34","https://almokhtabar.com/en/testspackages/","","Free T3  in serum","EGP 385","one of thyroid function tests, required from patients suffering from weight disorder or heart arrhythmia","385","Add to Cart"
"1776950156-35","https://almokhtabar.com/en/testspackages/","","Free T4  in serum","EGP 385","one of thyroid function tests, required from patients suffering from weight disorder or heart arrhythmia","385","Add to Cart"
"1776950156-36","https://almokhtabar.com/en/testspackages/","","TSH in  serum","EGP 385","one of thyroid function tests, required from patients suffering from weight disorder or heart arrhythmia","385","Add to Cart"
"1776950156-37","https://almokhtabar.com/en/testspackages/","","Total HCG (Quantitative)","EGP 465","to determine the exact date of pregnancy, used for diagnosis of cancer testis in male","465","Add to Cart"
"1776950156-38","https://almokhtabar.com/en/testspackages/","","Homocysteine ""Serum""","EGP 1235","cardiac marker","1235","Add to Cart"
"1776950156-39","https://almokhtabar.com/en/testspackages/","","Insulin (Fasting)  in serum","EGP 495","diagnosis of  type 1 diabetes and insulin resistance","495","Add to Cart"
"1776950156-40","https://almokhtabar.com/en/testspackages/","","Insulin after 2 hours in serum","EGP 495","diagnosis of  type 1 diabetes and insulin resistance","495","Add to Cart"
"1776950156-41","https://almokhtabar.com/en/testspackages/","","LH(Luteinizing Hormone) in serum","EGP 465","diagnosis and follow up of male and female infertility","465","Add to Cart"
"1776950156-42","https://almokhtabar.com/en/testspackages/","","Progesterone in serum","EGP 460","diagnosis and follow up of male and female infertility","460","Add to Cart"
"1776950156-43","https://almokhtabar.com/en/testspackages/","","Prolactin in serum","EGP 420","diagnostic for pituitary gland dysfunctions","420","Add to Cart"
"1776950156-44","https://almokhtabar.com/en/testspackages/","","PSA-Total","EGP 715","diagnostic test for prostatic enlargement or cancer screening, routine check up in men above 40 yrs.","715","Add to Cart"
"1776950156-45","https://almokhtabar.com/en/testspackages/","","Testosterone  in  serum","EGP 430","male infertility cases, for poly cystic ovaries and hairsutism in females","430","Add to Cart"
"1776950156-46","https://almokhtabar.com/en/testspackages/","","Clotting Time (CT)","EGP 175","bleeding tendency, bluish discolouration of the skin","175","Add to Cart"
"1776950156-47","https://almokhtabar.com/en/testspackages/","","Prothrombin Time (PT)","EGP 305","bleeding tendency, bluish discolouration of the skin","305","Add to Cart"
"1776950156-48","https://almokhtabar.com/en/testspackages/","","Activated  Partial Thromboplastine  Time APTT","EGP 300","bleeding tendency, bluish discolouration of the skin","300","Add to Cart"
"1776950156-49","https://almokhtabar.com/en/testspackages/","","Stool Analysis","EGP 185","diagnosis of parasitic infestation","185","Add to Cart"
"1776950156-50","https://almokhtabar.com/en/testspackages/","","Occult Blood In Stool","EGP 325","diagnosis of some GIT inflammatory cases","325","Add to Cart"
"1776950156-51","https://almokhtabar.com/en/testspackages/","","17-Alpha Hydroxyprogesterone in serum","EGP 775","for sex check in case of child and for females with ovulation problem","775","Add to Cart"
"1776950156-52","https://almokhtabar.com/en/testspackages/","","ACE in Serum","EGP 2090","diagnostic test for hyper tension especially with heart and lung diseases","2090","Add to Cart"
"1776950156-53","https://almokhtabar.com/en/testspackages/","","ACTH am  in plasma","EGP 560","pituitary gland hormone, required for certain cases of increased weight","560","Add to Cart"
"1776950156-54","https://almokhtabar.com/en/testspackages/","","Amphetamine Screen","EGP 690","drugs abuse screen test, required for  pre-employement/drivers check up","690","Add to Cart"
"1776950156-55","https://almokhtabar.com/en/testspackages/","","ANCA (Cytoplasmic)","EGP 2005","for diagnosis of some immunological diseases","2005","Add to Cart"
"1776950156-56","https://almokhtabar.com/en/testspackages/","","HAV IgG","EGP 495","previous infection of HAV","495","Add to Cart"
"1776950156-57","https://almokhtabar.com/en/testspackages/","","HBc, total","EGP 430","diagnosis of HCV, required for pre-operative preparation, blood transfusion, routine check up","430","Add to Cart"
"1776950156-58","https://almokhtabar.com/en/testspackages/","","HBc IgM","EGP 430","diadnosis of HCV, required for pre-operative preparation, blood transfusion, routine check up","430","Add to Cart"
"1776950156-59","https://almokhtabar.com/en/testspackages/","","ASMA","EGP 895","for diagnosis of some immunological diseases","895","Add to Cart"
"1776950156-60","https://almokhtabar.com/en/testspackages/","","Anti Thyroglobulin Ab.","EGP 655","one of thyroid function tests, required from patients suffering from weight disorder or heart arrhythmia","655","Add to Cart"
"1776950156-61","https://almokhtabar.com/en/testspackages/","","C-Peptide (Fasting) in serum","EGP 950","diagnosis of type 1 diabetes, insulin resistance","950","Add to Cart"
"1776950156-62","https://almokhtabar.com/en/testspackages/","","C3","EGP 495","immunity test","495","Add to Cart"
"1776950156-63","https://almokhtabar.com/en/testspackages/","","C4","EGP 515","immunity test","515","Add to Cart"
"1776950156-64","https://almokhtabar.com/en/testspackages/","","CA 19-9","EGP 1090","GIT inflammation, screening of colon cancer","1090","Add to Cart"
"1776950156-65","https://almokhtabar.com/en/testspackages/","","Anti-Cardiolipin IgG (ACL)","EGP 710","repeated abortion, pre eclampsia and risk of thrombosis","710","Add to Cart"
"1776950156-66","https://almokhtabar.com/en/testspackages/","","Anti-Cardiolipin IgM (ACL)","EGP 630","repeated abortion, pre eclampsia and risk of thrombosis","630","Add to Cart"
"1776950156-67","https://almokhtabar.com/en/testspackages/","","Anti C.C.P. Antibodies","EGP 1715","diagnosis of RA","1715","Add to Cart"
"1776950156-68","https://almokhtabar.com/en/testspackages/","","Ceruloplasmin","EGP 605","diagnosis of some metabolic disorders","605","Add to Cart"
"1776950156-69","https://almokhtabar.com/en/testspackages/","","CMV IgG","EGP 400","previous infection of CMV, required in pregnancy, repeated abortion, children","400","Add to Cart"
"1776950156-70","https://almokhtabar.com/en/testspackages/","","CMV IgM","EGP 470","recent infection of CMV, required in pregnancy, repeated abortion, children","470","Add to Cart"
"1776950156-71","https://almokhtabar.com/en/testspackages/","","Cortisol-Am in serum","EGP 515","diagnosis of adrenal gland affection, some cases of increased wight","515","Add to Cart"
"1776950156-72","https://almokhtabar.com/en/testspackages/","","Cortisol-Pm in serum","EGP 515","diagnosis of adrenal gland affection, some cases of increased wight","515","Add to Cart"
"1776950156-73","https://almokhtabar.com/en/testspackages/","","D-dimer","EGP 1380","haematological disorders, tendency for thrombosis","1380","Add to Cart"
"1776950156-74","https://almokhtabar.com/en/testspackages/","","DHEA-S ( Dehydroepiandrosterone Sulfate ) in serum","EGP 590","diagnosis and follow up of PCOS, disturbed menstrual cycle or hairsudism","590","Add to Cart"
"1776950156-75","https://almokhtabar.com/en/testspackages/","","ADNA (ds)","EGP 1065","diagnostic test of some immunological diseases","1065","Add to Cart"
"1776950156-76","https://almokhtabar.com/en/testspackages/","","Toxicology panel","EGP 1580","drugs abuse screening test, pre-employement","1580","Add to Cart"
"1776950156-77","https://almokhtabar.com/en/testspackages/","","EBV IgM (VCA-IgM)","EGP 505","recent infection with EBV, required also for pregnent women, repeated abortion, children","505","Add to Cart"
"1776950156-78","https://almokhtabar.com/en/testspackages/","","Ferritin","EGP 570","used in some cases of anaemia, renal diseases and severe inflammation","570","Add to Cart"
"1776950156-79","https://almokhtabar.com/en/testspackages/","","Fibrinogen Level","EGP 420","hamatological disorders","420","Add to Cart"
"1776950156-80","https://almokhtabar.com/en/testspackages/","","Fungus Culture","EGP 925","fungal infection","925","Add to Cart"
"1776950156-81","https://almokhtabar.com/en/testspackages/","","G6PD Quantitative","EGP 820","diagnosis of favism","820","Add to Cart"
"1776950156-82","https://almokhtabar.com/en/testspackages/","","Helicobacter pylori antibody","EGP 1060","diagnostic test for helico bacter pylori bacteria in blood, used in gastritis, GIT disturbances","1060","Add to Cart"
"1776950156-83","https://almokhtabar.com/en/testspackages/","","HBeAg","EGP 385","HBV follow up, pre-operative or blood transfusion","385","Add to Cart"
"1776950156-84","https://almokhtabar.com/en/testspackages/","","HLA-B27 typing","EGP 1400","diagnosis of some cases of arthritis","1400","Add to Cart"
"1776950156-85","https://almokhtabar.com/en/testspackages/","","IgA","EGP 650","immunity test","650","Add to Cart"
"1776950156-86","https://almokhtabar.com/en/testspackages/","","IgG","EGP 565","immunity test","565","Add to Cart"
"1776950156-87","https://almokhtabar.com/en/testspackages/","","IgM","EGP 535","immunity test","535","Add to Cart"
"1776950156-88","https://almokhtabar.com/en/testspackages/","","Complete Blood Picture (CBC)","EGP 375","diagnosis of haematological disordes, routine check up fo all age groups, pregnancy, pre-operative","375","Add to Cart"
"1776950156-89","https://almokhtabar.com/en/testspackages/","","ESR","EGP 230","elevated in any type of inflammation, non-specific test","230","Add to Cart"
"1776950156-90","https://almokhtabar.com/en/testspackages/","","Platelet Count","EGP 235","bluish skin discoloration, liver diseases, bleeding tendency","235","Add to Cart"
"1776950156-91","https://almokhtabar.com/en/testspackages/","","ANA","EGP 650","immunity test","650","Add to Cart"
"1776950156-92","https://almokhtabar.com/en/testspackages/","","HAV IgM","EGP 495","recent infection of HAV","495","Add to Cart"
"1776950156-93","https://almokhtabar.com/en/testspackages/","","WIDAL Test","EGP 470","diagnosis of typhoid, GIT symptoms and fever","470","Add to Cart"
"1776950156-94","https://almokhtabar.com/en/testspackages/","","Urine Analysis","EGP 165","urine analysis","165","Add to Cart"
"1776950156-95","https://almokhtabar.com/en/testspackages/","","Semen Analysis","EGP 400","semen analysis","400","Add to Cart"
"1776950156-96","https://almokhtabar.com/en/testspackages/","","Protein Electrophoresis in Serum","EGP 590","detection of protein synthesis abnormalities, used in liver and some haematological diseases","590","Add to Cart"
"1776950156-97","https://almokhtabar.com/en/testspackages/","","Protein - total","EGP 210","liver function test","210","Add to Cart"
"1776950156-98","https://almokhtabar.com/en/testspackages/","","Cytological examination","EGP 765","biological liquid sample","765","Add to Cart"
"1776950156-99","https://almokhtabar.com/en/testspackages/","","Serum Iron","EGP 385","iron level in the blood","385","Add to Cart"
"1776950156-100","https://almokhtabar.com/en/testspackages/","","Lithium","EGP 605","one of the trace elements, taken to treat depression","605","Add to Cart"
"1776950156-101","https://almokhtabar.com/en/testspackages/","","LKM-1 antibodies","EGP 1305","diagnosis of certain immunological diseases specially liver","1305","Add to Cart"
"1776950156-102","https://almokhtabar.com/en/testspackages/","","MG","EGP 395","requested in different diseases including muscles, kidney and heart","395","Add to Cart"
"1776950156-103","https://almokhtabar.com/en/testspackages/","","Cannabinoids Screen","EGP 660","drugs abuse screening test, pre-employement","660","Add to Cart"
"1776950156-104","https://almokhtabar.com/en/testspackages/","","AMA (M2)","EGP 805","diagnosis of some immunological diseases especially autoimmune hepatitis","805","Add to Cart"
"1776950156-105","https://almokhtabar.com/en/testspackages/","","Opiates Screen","EGP 690","drugs abuse screening test, pre-employement","690","Add to Cart"
"1776950156-106","https://almokhtabar.com/en/testspackages/","","Rubella IgG","EGP 400","old rubella infection, done in the first 3 months of pregnancy, recurrent miscarriage","400","Add to Cart"
"1776950156-107","https://almokhtabar.com/en/testspackages/","","Rubella IgM","EGP 455","recent rubella infection, done in the first 3 months of pregnancy, recurrent miscarriage","455","Add to Cart"
"1776950156-108","https://almokhtabar.com/en/testspackages/","","Sex Hormone Binding Globulin (SHBG  ) in  serum","EGP 1350","","1350","Add to Cart"
"1776950156-109","https://almokhtabar.com/en/testspackages/","","Stone Analysis","EGP 400","stone analysis","400","Add to Cart"
"1776950156-110","https://almokhtabar.com/en/testspackages/","","TIBC","EGP 400","indicative for iron stores level, diagnosis and follow up of anaemia","400","Add to Cart"
"1776950156-111","https://almokhtabar.com/en/testspackages/","","Toxoplasmosis IgG","EGP 405","old toxoplasma infection, done in the first 3 months of pregnancy, recurrent miscarriage","405","Add to Cart"
"1776950156-112","https://almokhtabar.com/en/testspackages/","","Toxoplasmosis IgM","EGP 425","recent toxoplasma infection, done in the first 3 months of pregnancy, recurrent miscarriage","425","Add to Cart"
"1776950156-113","https://almokhtabar.com/en/testspackages/","","TPHA","EGP 525","diagnosis of sexually transmitted diseases, done as part of pre-marital tests","525","Add to Cart"
"1776950156-114","https://almokhtabar.com/en/testspackages/","","TRANSFERRIN","EGP 500","diagnosis and follow up of some cases of anaemia","500","Add to Cart"
"1776950156-115","https://almokhtabar.com/en/testspackages/","","Troponin I","EGP 1150","early diagnostic test of myocardial infarction, cases of acute chest pain","1150","Add to Cart"
"1776950156-116","https://almokhtabar.com/en/testspackages/","","Vanillyl Mandelic Acid (VMA in 24 hrs Urine)","EGP 1420","pararenal gland disorders","1420","Add to Cart"
"1776950156-117","https://almokhtabar.com/en/testspackages/","","Parathyroid Hormone (PTH)","EGP 565","in cases of parathyroid gland  affection, renal diseases, bone diseases with calcium and phosphorus","565","Add to Cart"
"1776950156-118","https://almokhtabar.com/en/testspackages/","","IMMUNOFIXATION , serum","EGP 3885","","3885","Add to Cart"
"1776950156-119","https://almokhtabar.com/en/testspackages/","","Stools Culture and Sensitivity","EGP 515","stool culture","515","Add to Cart"
"1776950156-120","https://almokhtabar.com/en/testspackages/","","HSV II IgG","EGP 400","HSV II follow-up, done in the first 3 months of pregnancy, recurrent miscarriage","400","Add to Cart"
"1776950156-121","https://almokhtabar.com/en/testspackages/","","HSV II IgM","EGP 400","Diagnosis of HSV II, done in the first 3 months of pregnancy, recurrent miscarriage","400","Add to Cart"
"1776950156-122","https://almokhtabar.com/en/testspackages/","","Zinc in Blood","EGP 640","hair loss, fragile nails","640","Add to Cart"
"1776950156-123","https://almokhtabar.com/en/testspackages/","","Antihuman Tissue Transglutaminase (TTG) Screen IgA","EGP 1045","used to diagnose wheat allergy","1045","Add to Cart"
"1776950156-124","https://almokhtabar.com/en/testspackages/","","Protein C","EGP 1320","proteins to diagnose the presence of a miscarriage problem or recurrent thrombosis","1320","Add to Cart"
"1776950156-125","https://almokhtabar.com/en/testspackages/","","Protein S","EGP 1600","proteins to diagnose the presence of a miscarriage problem or recurrent thrombosis","1600","Add to Cart"
"1776950156-126","https://almokhtabar.com/en/testspackages/","","Bacteriological Analysis of Water","EGP 1320","analysis of the presence of bacteria in water samples","1320","Add to Cart"
"1776950156-127","https://almokhtabar.com/en/testspackages/","","C-Peptide after 2hr in serum","EGP 950","diagnosis of type 1 diabetes","950","Add to Cart"
"1776950156-128","https://almokhtabar.com/en/testspackages/","","Brucella IgM","EGP 640","a recent infection with brucellosis infection, in cases of high fever and malaise","640","Add to Cart"
"1776950156-129","https://almokhtabar.com/en/testspackages/","","PSA-Free","EGP 715","diagnosis and follow up of prostate enlargement or tumor","715","Add to Cart"
"1776950156-130","https://almokhtabar.com/en/testspackages/","","Thyroglobulin  in  serum","EGP 1110","diagnostic tests for thyroid diseases","1110","Add to Cart"
"1776950156-131","https://almokhtabar.com/en/testspackages/","","HSV I IgG","EGP 400","HSV I follow-up, done in the first 3 months of pregnancy, recurrent miscarriage","400","Add to Cart"
"1776950156-132","https://almokhtabar.com/en/testspackages/","","HSV I IgM","EGP 400","Diagnosis of HSV I, done in the first 3 months of pregnancy, recurrent miscarriage","400","Add to Cart"
"1776950156-133","https://almokhtabar.com/en/testspackages/","","Bilharzial Antigen in Serum","EGP 395","used in the diagnosis of schistosomiasis","395","Add to Cart"
"1776950156-134","https://almokhtabar.com/en/testspackages/","","Bilharzial Antibody","EGP 525","schistosomiasis antibodies are used in the diagnosis and follow-up of schistosomiasis infection","525","Add to Cart"
"1776950156-135","https://almokhtabar.com/en/testspackages/","","FMF (MEFV Gene Mutation)  by PCR","EGP 5020","Mediterranean fever","5020","Add to Cart"
"1776950156-136","https://almokhtabar.com/en/testspackages/","","Factor V Leiden Mutation by PCR","EGP 2850","an analysis of fluidity used in cases of recurrent thrombosis or recurrent miscarriages","2850","Add to Cart"
"1776950156-137","https://almokhtabar.com/en/testspackages/","","CA15-3","EGP 1010","screening and follow up of breast masses","1010","Add to Cart"
"1776950156-138","https://almokhtabar.com/en/testspackages/","","ANCA (Perinuclear)","EGP 2280","immunological test","2280","Add to Cart"
"1776950156-139","https://almokhtabar.com/en/testspackages/","","Urine Culture and Sensitivity","EGP 475","urine culture","475","Add to Cart"
"1776950156-140","https://almokhtabar.com/en/testspackages/","","Sputum Culture and Sensitivity","EGP 465","sputum culture","465","Add to Cart"
"1776950156-141","https://almokhtabar.com/en/testspackages/","","Throat Swab Cutlure and Sensitivity","EGP 590","throat swab culture","590","Add to Cart"
"1776950156-142","https://almokhtabar.com/en/testspackages/","","Vaginal Discharge Culture and sensitivity","EGP 905","cervical culture when cervical infections recur","905","Add to Cart"
"1776950156-143","https://almokhtabar.com/en/testspackages/","","Manual Blood culture and Sensitivity","EGP 650","blood culture","650","Add to Cart"
"1776950156-144","https://almokhtabar.com/en/testspackages/","","Pus Culture and Sensitivity (Aerobic and anaerobic)","EGP 925","pus culture","925","Add to Cart"
"1776950156-145","https://almokhtabar.com/en/testspackages/","","Semen Culture and Sensitivity","EGP 515","semen culture","515","Add to Cart"
"1776950156-146","https://almokhtabar.com/en/testspackages/","","Barbiturates Screen","EGP 700","sedative analysis","700","Add to Cart"
"1776950156-147","https://almokhtabar.com/en/testspackages/","","Benzodiazepine Screen","EGP 700","examination of sleeping medications","700","Add to Cart"
"1776950156-148","https://almokhtabar.com/en/testspackages/","","Tacrolimus ( FK506 ) Trough","EGP 1955","follow up of the dose of treatment after kidney transplantation","1955","Add to Cart"
"1776950156-149","https://almokhtabar.com/en/testspackages/","","IgE ""Total""","EGP 565","allergy tests","565","Add to Cart"
"1776950156-150","https://almokhtabar.com/en/testspackages/","","Beta Subunit HCG (Qualitative)","EGP 190","qualitative pregnancy test, determines the exact date of pregnancy","190","Add to Cart"
"1776950156-151","https://almokhtabar.com/en/testspackages/","","Helicobacter Pylori Antigen In Stool (Qualitative)","EGP 1575","Helicobacter pylori analysis","1575","Add to Cart"
"1776950156-152","https://almokhtabar.com/en/testspackages/","","HCV Ab by Chemiluminescent technology","EGP 670","diagnosis of HCV","670","Add to Cart"
"1776950156-153","https://almokhtabar.com/en/testspackages/","","HBe Ab","EGP 400","HBV diagnosis, pre-operative or blood transfusion","400","Add to Cart"
"1776950156-154","https://almokhtabar.com/en/testspackages/","","HBs Ab","EGP 405","indicates whether a vaccination has been taken or in need of a booster dose of the B virus vaccination","405","Add to Cart"
"1776950156-155","https://almokhtabar.com/en/testspackages/","","CRP (Qualitative)","EGP 260","used to determine the severity of inflammation","260","Add to Cart"
"1776950156-156","https://almokhtabar.com/en/testspackages/","","Helicobacter pylori antibody Titre","EGP 1645","quantitative H. pylori antibody analysis, used in follow-up treatment of the microbe","1645","Add to Cart"
"1776950156-157","https://almokhtabar.com/en/testspackages/","","RF (Quantitative)","EGP 630","quantitative rheumatoid analysis","630","Add to Cart"
"1776950156-158","https://almokhtabar.com/en/testspackages/","","RF (Qualitative)","EGP 575","screening of rheumatoid arthritis","575","Add to Cart"
"1776950156-159","https://almokhtabar.com/en/testspackages/","","Rh Grouping","EGP 195","Rh factor","195","Add to Cart"
"1776950156-160","https://almokhtabar.com/en/testspackages/","","ABO Grouping","EGP 305","blood type","305","Add to Cart"
"1776950156-161","https://almokhtabar.com/en/testspackages/","","Total Leucocytic Count (WBCs)","EGP 260","number of white blood cells and their derivatives","260","Add to Cart"
"1776950156-162","https://almokhtabar.com/en/testspackages/","","Haemoglobin (Hb) &Haematocrit HCT","EGP 220","analysis of the percentage of hemoglobin in the blood","220","Add to Cart"
"1776950156-163","https://almokhtabar.com/en/testspackages/","","AFP","EGP 660","screening and follow up of liver masses","660","Add to Cart"
"1776950156-164","https://almokhtabar.com/en/testspackages/","","CEA","EGP 565","general tumor markers","565","Add to Cart"
"1776950156-165","https://almokhtabar.com/en/testspackages/","","CA125","EGP 1030","indications of uterine and ovarian tumors and are also used to diagnose ovarian cysts","1030","Add to Cart"
"1776950156-166","https://almokhtabar.com/en/testspackages/","","Cyclosporine (Sandimmune) Trough","EGP 1105","follow up of the dose of treatment taken after liver transplantation","1105","Add to Cart"
"1776950156-167","https://almokhtabar.com/en/testspackages/","","Depakine (valproic Acid) Random","EGP 515","follow up the dose of treatment, cases of epilepsy","515","Add to Cart"
"1776950156-168","https://almokhtabar.com/en/testspackages/","","Depakine (valproic Acid) Peak","EGP 515","follow up the dose of treatment, cases of epilepsy","515","Add to Cart"
"1776950156-169","https://almokhtabar.com/en/testspackages/","","Depakine (Valproic Acid) Trough","EGP 515","follow up the dose of treatment, cases of epilepsy","515","Add to Cart"
"1776950156-170","https://almokhtabar.com/en/testspackages/","","Coomb's Test ""Indirect""","EGP 490","before blood transfusion","490","Add to Cart"
"1776950156-171","https://almokhtabar.com/en/testspackages/","","Anti Microsomal Antibody (TPO)","EGP 530","Thyroid antibody analysis","530","Add to Cart"
"1776950156-172","https://almokhtabar.com/en/testspackages/","","Anti Thyroid Peroxidase Ab","EGP 530","Thyroid antibody analysis","530","Add to Cart"
"1776950156-173","https://almokhtabar.com/en/testspackages/","","Rose-Waaler Test","EGP 535","Diagnostic analysis of rheumatoid arthritis are performed in cases of bone pain","535","Add to Cart"
"1776950156-174","https://almokhtabar.com/en/testspackages/","","Albumin","EGP 220","percentage of albumin in the blood is done in cases of patients with liver and kidney disease","220","Add to Cart"
"1776950156-175","https://almokhtabar.com/en/testspackages/","","Albumin in 24 hrs urine","EGP 305","24-hour albumin is used to diagnose kidney disease","305","Add to Cart"
"1776950156-176","https://almokhtabar.com/en/testspackages/","","Ammonia","EGP 605","Ammonia analysis in children when there are convulsions or some liver diseases","605","Add to Cart"
"1776950156-177","https://almokhtabar.com/en/testspackages/","","Bicarbonate (HCO3)","EGP 715","bicarbonate analysis is among the blood gas analysis used in the diagnosis of diseases of the kidneys and lungs","715","Add to Cart"
"1776950156-178","https://almokhtabar.com/en/testspackages/","","Bilirubin - total","EGP 185","one of the liver functions tests","185","Add to Cart"
"1776950156-179","https://almokhtabar.com/en/testspackages/","","Bilirubin - direct","EGP 185","one of the liver functions tests","185","Add to Cart"
"1776950156-180","https://almokhtabar.com/en/testspackages/","","CK-MB","EGP 325","enzyme of the heart that the extent of a heart attack","325","Add to Cart"
"1776950156-181","https://almokhtabar.com/en/testspackages/","","Estimated (eGFR)","EGP 300","determines the efficiency of the kidneys","300","Add to Cart"
"1776950156-182","https://almokhtabar.com/en/testspackages/","","Alcohol","EGP 645","determines the percentage of alcohol in the blood","645","Add to Cart"
"1776950156-183","https://almokhtabar.com/en/testspackages/","","Lactate in blood","EGP 1330","lactate analysis is used to diagnose hypoxia and in metabolic states","1330","Add to Cart"
"1776950156-184","https://almokhtabar.com/en/testspackages/","","Microalbuminurea (Random)","EGP 605","Microalbuminuria analysis of a random urine sample in diabetic and renal patients","605","Add to Cart"
"1776950156-185","https://almokhtabar.com/en/testspackages/","","ACTH pm  in plasma","EGP 560","one of the pituitary gland hormones used to diagnose its imbalance","560","Add to Cart"
"1776950156-186","https://almokhtabar.com/en/testspackages/","","Amyloid A","EGP 2400","an indicator of inflammation in the body and is among the tests used in the diagnosis of Mediterranean fever","2400","Add to Cart"
"1776950156-187","https://almokhtabar.com/en/testspackages/","","Anti Mullerian Hormone-Adult(AMH) in serum","EGP 1755","an analysis used to measure the stock of ova and determine the degree of fertility, used in cases of delayed pregnancy or women over 40 yrs.","1755","Add to Cart"
"1776950156-188","https://almokhtabar.com/en/testspackages/","","B2 Microglobulin in Serum","EGP 605","used to follow up on leukemia and myeloma and determine the severity of the disease","605","Add to Cart"
"1776950156-189","https://almokhtabar.com/en/testspackages/","","ionized Ca++","EGP 475","measuring the active form of calcium, routine check up or patients with osteoporosis or kidney impairement","475","Add to Cart"
"1776950156-190","https://almokhtabar.com/en/testspackages/","","Uric acid","EGP 200","used in cases of gout, renal affection, diabetes and routine check up","200","Add to Cart"
"1776950156-191","https://almokhtabar.com/en/testspackages/","","Cholesterol - Total","EGP 220","part of the lipid profile, used in check ups, diabetics, heart diseases","220","Add to Cart"
"1776950156-192","https://almokhtabar.com/en/testspackages/","","GH Growth Hormone  in serum  ( Basal )","EGP 625","a hormone from the pituitary gland that is made to diagnose gland dysfunction or monitor growth in children","625","Add to Cart"
"1776950156-193","https://almokhtabar.com/en/testspackages/","","Thrombophilia Gene Screen","EGP 6000","proteins are made in the case of repeated clots or recurrent miscarriages","6000","Add to Cart"
"1776950156-194","https://almokhtabar.com/en/testspackages/","","karyotyping","EGP 2000","a chromosomal analysis is done for soon-to-be married relatives and newborn children to determine whether or not there is a chromosomal abnormality","2000","Add to Cart"
"1776950156-195","https://almokhtabar.com/en/testspackages/","","Immunophenotyping :CD4","EGP 945","Immunoassay","945","Add to Cart"
"1776950156-196","https://almokhtabar.com/en/testspackages/","","Immunophenotyping :CD56","EGP 1235","immunological analysis and it is also used for women in cases of recurrent miscarriage","1235","Add to Cart"
"1776950156-197","https://almokhtabar.com/en/testspackages/","","Pathological Examination , Large (Histopathology)","EGP 2610","tissue analysis, used in diagnosis of different types of masses","2610","Add to Cart"
"1776950156-198","https://almokhtabar.com/en/testspackages/","","Pathological Examination , Small (Histopathology)","EGP 1335","tissue analysis, used in diagnosis of different types of masses","1335","Add to Cart"
"1776950156-199","https://almokhtabar.com/en/testspackages/","","Estrogen ( Er receptors )","EGP 1505","an analysis used to determine the plan of hormonal treatment in breast cancer","1505","Add to Cart"
"1776950156-200","https://almokhtabar.com/en/testspackages/","","Progesterone ( Pr receptors )","EGP 1755","an analysis used to determine the plan of hormonal treatment in breast cancer","1755","Add to Cart"
"1776950156-201","https://almokhtabar.com/en/testspackages/","","Her-2/neu IHC","EGP 2660","an analysis used to determine the plan of hormonal treatment in breast cancer","2660","Add to Cart"
"1776950156-202","https://almokhtabar.com/en/testspackages/","","ANCA","EGP 1260","diagnosis of immune diseases","1260","Add to Cart"
"1776950156-203","https://almokhtabar.com/en/testspackages/","","EBV IgG (VCA-IgG)","EGP 565","diagnosis and follow-up of EBV virus, done in the first 3 months of pregnancy, recurrent miscarriage","565","Add to Cart"
"1776950156-204","https://almokhtabar.com/en/testspackages/","","Bleeding Time (BT)","EGP 175","coagulation diseases, part of pre-operative profile","175","Add to Cart"
"1776950156-205","https://almokhtabar.com/en/testspackages/","","Calprotectin in stool , Quantitative","EGP 2325","an analysis used to diagnose colitis","2325","Add to Cart"
"1776950156-206","https://almokhtabar.com/en/testspackages/","","Brucella Antibody (Malta)","EGP 640","Brucella is a type of bacterial infection that causes a high fever","640","Add to Cart"
"1776950156-207","https://almokhtabar.com/en/testspackages/","","Haemoglobin Electrophoresis","EGP 810","to diagnose certain types of anaemia","810","Add to Cart"
"1776950156-208","https://almokhtabar.com/en/testspackages/","","Anti- Thyroid Antibodies","EGP 700","Thyroid antibodies","700","Add to Cart"
"1776950156-209","https://almokhtabar.com/en/testspackages/","","Blood Gases ( Acid Base )","EGP 630","blood gases, which is an arterial sample","630","Add to Cart"
"1776950156-210","https://almokhtabar.com/en/testspackages/","","PSA (Total & Free)","EGP 1210","diagnosis of prostatic hyperplasia, proststic masses","1210","Add to Cart"
"1776950156-211","https://almokhtabar.com/en/testspackages/","","PROCALCITONIN","EGP 2840","diagnosis of the degree of inflammation and infection, bacterial or viral","2840","Add to Cart"
"1776950156-212","https://almokhtabar.com/en/testspackages/","","SPERM DNA FRAGMENTATION","EGP 5010","Diagnosis of abnormalities in the genetic material of the sperm, used in cases of failure of ICSI or recurrent miscarriage of embryos","5010","Add to Cart"
"1776950156-213","https://almokhtabar.com/en/testspackages/","","Anti -beta 2-Glycoprotein  (IgG)","EGP 1225","analysis used in the case of clots or recurrent miscarriage","1225","Add to Cart"
"1776950156-214","https://almokhtabar.com/en/testspackages/","","HOMA-IR-INDEX in serum","EGP 725","insulin resistance analysis, percentage of tissue resistance to insulin, efficiency of the pancreas, and the percentage of the hormone insulin are diagnosed","725","Add to Cart"
"1776950156-215","https://almokhtabar.com/en/testspackages/","","LDL - C","EGP 315","harmful cholesterol that is deposited in the arteries, in heart disease, atherosclerosis and diabetes","315","Add to Cart"
"1776950156-216","https://almokhtabar.com/en/testspackages/","","LDH","EGP 285","diagnosis of heart attacks, anemia, or liver disease and certain types of anaemia","285","Add to Cart"
"1776950156-217","https://almokhtabar.com/en/testspackages/","","Haemoglobin A1C","EGP 415","indicates the glycemic control in the previous three months","415","Add to Cart"
"1776950156-218","https://almokhtabar.com/en/testspackages/","","HCV Ab. (ELIZA)","EGP 670","HCV diagnosis and follow up, pre-operative and routine check up","670","Add to Cart"
"1776950156-219","https://almokhtabar.com/en/testspackages/","","Reducing Sugar in Stool","EGP 240","done to diagnose a milk allergy/breast milk allergy","240","Add to Cart"
"1776950156-220","https://almokhtabar.com/en/testspackages/","","T3  Total in serum","EGP 370","hormone from the thyroid gland","370","Add to Cart"
"1776950156-221","https://almokhtabar.com/en/testspackages/","","T4  Total in serum","EGP 370","hormone from the thyroid gland","370","Add to Cart"
"1776950156-222","https://almokhtabar.com/en/testspackages/","","vit D 25 Hydroxy Cholecalciferol","EGP 1680","vitamin D is used for patients with osteoporosis","1680","Add to Cart"
"1776950156-223","https://almokhtabar.com/en/testspackages/","","Albumin/ creatinine ratio, Urine","EGP 605","ratio of albumin to creatinine in the urine is examined by patients with diabetes or patients with kidney disease","605","Add to Cart"
"1776950156-224","https://almokhtabar.com/en/testspackages/","","Immunophenotyping :CD16","EGP 945","an immunological analysis is performed for women in the event of a miscarriage","945","Add to Cart"
"1776950156-225","https://almokhtabar.com/en/testspackages/","","Random Blood Glucose","EGP 175","random sugar is done for diabetics, follow-up pregnancy in the general examination","175","Add to Cart"
"1776950156-226","https://almokhtabar.com/en/testspackages/","","Glucose After 2 Hours","EGP 175","sugar two hours after eating, done for diabetics, following up on pregnancy in general examination","175","Add to Cart"
"1776950156-227","https://almokhtabar.com/en/testspackages/","","Lipid Profile(Chol,Tri,HDL,LDL)","EGP 860","lipid group we do in the periodic examination of diabetics","860","Add to Cart"
"1776950156-228","https://almokhtabar.com/en/testspackages/","","Protein / creatinine ratio","EGP 395","ratio of protein to creatinine is carried out by diabetics and kidney patients","395","Add to Cart"
"1776950156-229","https://almokhtabar.com/en/testspackages/","","Tuberculin","EGP 430","an analysis to diagnose tuberculosis and is also used to ensure that the vaccination is taken and the dose is effective for children","430","Add to Cart"
"1776950156-230","https://almokhtabar.com/en/testspackages/","","HCV RNA Quantitative by PCR (TaqMan)","EGP 2695","quantitative analysis of C virus is used to confirm infection and follow-up treatment","2695","Add to Cart"
"1776950156-231","https://almokhtabar.com/en/testspackages/","","HBV DNA Quantitative by (TaqMan)","EGP 2975","quantitative analysis of B virus is used to confirm infection and follow-up treatment","2975","Add to Cart"
"1776950156-232","https://almokhtabar.com/en/testspackages/","","Quantiferon T.B. -gold (IGRA)","EGP 3425","Contiferon is a diagnostic test for tuberculosis","3425","Add to Cart"
"1776950156-233","https://almokhtabar.com/en/testspackages/","","Varicella Zoster Virus (VZV)  IgM","EGP 920","immune virus","920","Add to Cart"
"1776950156-234","https://almokhtabar.com/en/testspackages/","","Anti -beta 2-Glycoprotein  (IgM)","EGP 1170","analysis used in the case of thrombosis or recurrent miscarriage","1170","Add to Cart"
"1776950156-235","https://almokhtabar.com/en/testspackages/","","Glucose 1Hour after 50 gm glucose","EGP 175","Glucose assay after an hour of taking the required dose, used in cases of pregnancy or checking the level of sugar after a certain dose","175","Add to Cart"
"1776950156-236","https://almokhtabar.com/en/testspackages/","","Abdomen and Pelvis","EGP 910","X-rays on the abdomen and pelvis","910","Add to Cart"
"1776950156-237","https://almokhtabar.com/en/testspackages/","","Antihuman Tissue Transglutaminase (Anti TTG) Screen IgG","EGP 1055","immunological analysis used in the diagnosis of allergy in children","1055","Add to Cart"
"1776950156-238","https://almokhtabar.com/en/testspackages/","","Tramadol qualitative","EGP 485","screening of tramadol, pre-employement","485","Add to Cart"
"1776950156-239","https://almokhtabar.com/en/testspackages/","","Urea breath test","EGP 2065","analysis for the diagnosis of infection and follow-up treatment with H. pylori","2065","Add to Cart"
"1776950156-240","https://almokhtabar.com/en/testspackages/","","DNA by sequencer","EGP 7800","proof of paternity","7800","Add to Cart"
"1776950156-241","https://almokhtabar.com/en/testspackages/","","M2-PK Quick (Schebo test)","EGP 3060","diagnosis of colon tumors","3060","Add to Cart"
"1776950156-242","https://almokhtabar.com/en/testspackages/","","ANA by IF","EGP 510","diagnosis of some immune diseases","510","Add to Cart"
"1776950156-243","https://almokhtabar.com/en/testspackages/","","Anti SSA (Ro60) (Qualitative)","EGP 1400","immunohistochemical analysis is also used in the diagnosis of lupus","1400","Add to Cart"
"1776950156-244","https://almokhtabar.com/en/testspackages/","","Free Testosterone  in  serum","EGP 685","male hormone","685","Add to Cart"
"1776950156-245","https://almokhtabar.com/en/testspackages/","","Her-2-neu by SISH","EGP 6765","an analysis used to determine the treatment plan in breast cancer","6765","Add to Cart"
"1776950156-246","https://almokhtabar.com/en/testspackages/","","CASA","EGP 1155","computerized semen analysis is used to diagnose male infertility and delayed childbearing","1155","Add to Cart"
"1776950156-247","https://almokhtabar.com/en/testspackages/","","Lupus Anticoagulant Detection","EGP 1075","an immunological analysis used to diagnose lupus and in cases of stroke and recurrent miscarriage","1075","Add to Cart"
"1776950156-248","https://almokhtabar.com/en/testspackages/","","Anti-thrombin III (AT-III)","EGP 735","an analysis to follow up the liquidity is done in the case of recurrent miscarriage and recurrent clots","735","Add to Cart"
"1776950156-249","https://almokhtabar.com/en/testspackages/","","Helicobacter pylori line IgG","EGP 1795","analysis to diagnose H. pylori and determine the ferocity of the microbe and treatment protocol","1795","Add to Cart"
"1776950156-250","https://almokhtabar.com/en/testspackages/","","Cortisol (Random ) in serum","EGP 515","diagnosis of adrenal gland disorders - overweight","515","Add to Cart"
"1776950156-251","https://almokhtabar.com/en/testspackages/","","IgE Specific ( Inhalant allergens )","EGP 1925","diagnosis of respiratory allergy","1925","Add to Cart"
"1776950156-252","https://almokhtabar.com/en/testspackages/","","IgE Specific ( food allergens )","EGP 5005","diagnosis of food allergy","5005","Add to Cart"
"1776950156-253","https://almokhtabar.com/en/testspackages/","","Varicella Zoster Virus (VZV)  IgG","EGP 910","immune virus","910","Add to Cart"
"1776950156-254","https://almokhtabar.com/en/testspackages/","","Full Toxicology panel","EGP 1720","an analysis for the diagnosis of drug abuse and used in the pre-appointment analysis","1720","Add to Cart"
"1776950156-255","https://almokhtabar.com/en/testspackages/","","ANA titre by IF","EGP 740","indicates the type of ANA","740","Add to Cart"
"1776950156-256","https://almokhtabar.com/en/testspackages/","","Philadelphia chromosome by PCR ( No material) ( CML )","EGP 4950","analysis for the diagnosis of myeloid leukemia, and determine the treatment protocol","4950","Add to Cart"
"1776950156-257","https://almokhtabar.com/en/testspackages/","","HBs Ag (Eliza)","EGP 480","diagnosis of hepatitis B virus","480","Add to Cart"
"1776950156-258","https://almokhtabar.com/en/testspackages/","","Food Print – 220 ( Food Intolerance )","EGP 13720","allergy analysis used in cases of allergies and beginning a diet","13720","Add to Cart"
"1776950156-259","https://almokhtabar.com/en/testspackages/","","Multi Drug Abuse Qualitative","EGP 1740","an analysis for the diagnosis of drug abuse and used in the pre-appointment analysis","1740","Add to Cart"
"1776950156-260","https://almokhtabar.com/en/testspackages/","","Covid - 19 Total Antibody","EGP 1370","PCR analysis of Corona to confirm infection or non-infection with Corona","1370","Add to Cart"
"1776950156-261","https://almokhtabar.com/en/testspackages/","","COVID-19 RT-PCR","EGP 950","PCR analysis for Corona","950","Add to Cart"
"1776950156-262","https://almokhtabar.com/en/testspackages/","","Interleukin-6 (IL6)","EGP 1240","a protein that is produced in the body in the case of severe infections, such as hepatitis, red tapeworm, or arthritis","1240","Add to Cart"
"1776950156-263","https://almokhtabar.com/en/testspackages/","","Covid-19 AG","EGP 485","analysis of the diagnosis of the presence or absence of corona","485","Add to Cart"
